asin,url,image_url
B0FKMQY8HV,https://www.amazon.com/ADREAMER-Extender-Detachable-Attachment-Compatible/dp/B0FKMQY8HV,https://m.media-amazon.com/images/I/71dUTmn7MhL.jpg
B0FNM2DSJR,https://www.amazon.com/Pisichen-2560x1440P-Computer-FreeSync-Frameless/dp/B0FNM2DSJR,https://m.media-amazon.com/images/I/71Az3gGps3L.jpg
B09KMDW3TC,https://www.amazon.com/HP-E24mv-G4-23-8-Monitor/dp/B09KMDW3TC,https://m.media-amazon.com/images/I/81j3XawDbTL.jpg
B09RG6PS6D,https://www.amazon.com/ViewSonic-VP3256-4K-Ultra-Thin-DisplayPort-Professional/dp/B09RG6PS6D,https://m.media-amazon.com/images/I/81Wt4suWi2L.jpg
B0CBND47F5,https://www.amazon.com/WOWNOVA-Computer-Supported-Temperature-Secondary/dp/B0CBND47F5,https://m.media-amazon.com/images/I/71HrXxzecKL.jpg
B0F9L3DH7Y,https://www.amazon.com/UPERFECT-Portable-FreeSync-Kickstand-Computer/dp/B0F9L3DH7Y,https://m.media-amazon.com/images/I/717GWyrnjsL.jpg
B0D12FW78S,https://www.amazon.com/ASUS-XG259QNG/dp/B0D12FW78S,https://m.media-amazon.com/images/I/711spWaejCL.jpg
B0DNPS22ZR,https://www.amazon.com/Redalf-Extender-Detachable-Plug-Play-Compatible/dp/B0DNPS22ZR,https://m.media-amazon.com/images/I/81EgfEWz8FL.jpg
B0G2YCH6JK,https://www.amazon.com/HPDELGB-Replacement-Q553UB-BSI7T13-Digitizer-1920x1080/dp/B0G2YCH6JK,https://m.media-amazon.com/images/I/41F2DWHRZdL.jpg
B0G1YJM3ML,https://www.amazon.com/Portable-Monitor-Laptop-Ultra-Fast-125-sRGB/dp/B0G1YJM3ML,https://m.media-amazon.com/images/I/71+c4jWPXdL.jpg
B0CLQZ48BF,https://www.amazon.com/Hosyond-Capacitive-Touchscreen-1280x800-Raspberry/dp/B0CLQZ48BF,https://m.media-amazon.com/images/I/61Kx9UQ95JL.jpg
B08T5WNM95,https://www.amazon.com/Thinlerain-Monitor-17-inch-Mountable-Built/dp/B08T5WNM95,https://m.media-amazon.com/images/I/71vO7XMqluL.jpg
B0C5NDN7W3,https://www.amazon.com/AOPEN-19-5-inch-Professional-Mountable-Protection/dp/B0C5NDN7W3,https://m.media-amazon.com/images/I/91lyLDhDJ7L.jpg
B0D852MW2H,https://www.amazon.com/Elo-5054L-Touchscreen-Infrared-Anti-Friction/dp/B0D852MW2H,https://m.media-amazon.com/images/I/61PePhBDTGL.jpg
B0FCRHZPGR,https://www.amazon.com/iPitstBit-Touchscreen-1920x480-Temperature-Raspberry/dp/B0FCRHZPGR,https://m.media-amazon.com/images/I/71kVejkvGOL.jpg
B088R4Q5FL,https://www.amazon.com/GreenTouch-Industrial-Interface-Capacitive-Technology/dp/B088R4Q5FL,https://m.media-amazon.com/images/I/610iA2Mfj1L.jpg
B0CM4J26DS,https://www.amazon.com/RCA-Evolution-Adaptive-Technology-Response/dp/B0CM4J26DS,https://m.media-amazon.com/images/I/61z1wQSV8BL.jpg
B0FFBBR7H4,https://www.amazon.com/YOTETION-Monitor-Computers-desktops-Connection-VESA/dp/B0FFBBR7H4,https://m.media-amazon.com/images/I/61CMXfNCr5L.jpg
B0B3YBG5TK,https://www.amazon.com/Dell-P2723DE-QHD-WLED-Monitor/dp/B0B3YBG5TK,https://m.media-amazon.com/images/I/71hSWTVJEHL.jpg
B0D5WKBP36,https://www.amazon.com/Canlarriz-Restaurants-Advertising-Ultra-High-Brightness/dp/B0D5WKBP36,https://m.media-amazon.com/images/I/71wwvTcXl4L.jpg
B0DYN2S1KN,https://www.amazon.com/3840x2160-Computer-Response-G274K-Ultra-Thin/dp/B0DYN2S1KN,https://m.media-amazon.com/images/I/71qr49orb2L.jpg
B0B35HZY7F,https://www.amazon.com/Dell-31-5-Pixels-Ultra-0DELL-P3223QE/dp/B0B35HZY7F,https://m.media-amazon.com/images/I/612hI673NOL.jpg
B0765D363Z,https://www.amazon.com/LILLIPUT-A12-Broadcast-Multi-Signal-Production/dp/B0765D363Z,https://m.media-amazon.com/images/I/71paKo0xf7L.jpg
B0CNGSPS1N,https://www.amazon.com/G-Skill-WigiDash-Command-Panel-Customizable/dp/B0CNGSPS1N,https://m.media-amazon.com/images/I/61byoWRr-XL.jpg
B0GFWLWPBT,https://www.amazon.com/GBOLE-Replacement-NP750QFG-1920x1080-Digitizer/dp/B0GFWLWPBT,https://m.media-amazon.com/images/I/312Y57R+QgL.jpg
B0D2CRVD4Z,https://www.amazon.com/LivElect-Extender-Monitor-Detachable-Compatible/dp/B0D2CRVD4Z,https://m.media-amazon.com/images/I/71+iUCO2HFL.jpg
B08TX51PWV,https://www.amazon.com/HP-21-5-Full-Business-Monitor/dp/B08TX51PWV,https://m.media-amazon.com/images/I/51PjHM+IHwL.jpg
B09PQQPZ3X,https://www.amazon.com/Xebec-Tri-Screen-LCD-Screen-Black/dp/B09PQQPZ3X,https://m.media-amazon.com/images/I/715evY-fkqL.jpg
B0DSLP7Y9V,https://www.amazon.com/Touchscreen-1920x480-Temperature-Secondary-Raspberry/dp/B0DSLP7Y9V,https://m.media-amazon.com/images/I/61LyEJ8GciL.jpg
B0DLT7CJV1,https://www.amazon.com/Lenovo-L32p-30-Webcam-Monitor-Plane/dp/B0DLT7CJV1,https://m.media-amazon.com/images/I/7120ikZwLmL.jpg
B0G42TG6XR,https://www.amazon.com/Touchscreen-2560x1600-Ultra-Thin-Compatible-Smartphones/dp/B0G42TG6XR,https://m.media-amazon.com/images/I/61SzPUNBC3L.jpg
B0DSPNXGV6,https://www.amazon.com/AYY-Wireless-Transmitter-Receiver-Decoding/dp/B0DSPNXGV6,https://m.media-amazon.com/images/I/61G4CDOrXxL.jpg
B0FPFGCJTC,https://www.amazon.com/Tobenone-Monitor-Portable-Digital-Desktop/dp/B0FPFGCJTC,https://m.media-amazon.com/images/I/51Smk7A8M+L.jpg
B0F9L2XHVW,https://www.amazon.com/ZUCWO-Portable-Computer-Monitor-Monitors/dp/B0F9L2XHVW,https://m.media-amazon.com/images/I/71YE3RzfxcL.jpg
B0FMK24Q9K,https://www.amazon.com/Touchscreen-Portable-Ultra-Slim-Lightweight-Speakers/dp/B0FMK24Q9K,https://m.media-amazon.com/images/I/61ao8dhTqwL.jpg
B0DJRVB98P,https://www.amazon.com/MSI-MAG-276CXF-DisplayPort-Mountable/dp/B0DJRVB98P,https://m.media-amazon.com/images/I/71TdsXA2nBL.jpg
B07VHYKF84,https://www.amazon.com/SAMSUNG-Business-3840x2160-Commercial-LH43QMREBGCXZA/dp/B07VHYKF84,https://m.media-amazon.com/images/I/61eojsMJ28L.jpg
B0DL57P252,https://www.amazon.com/Wstirhy-Monitor-1024x768-Portable-Built/dp/B0DL57P252,https://m.media-amazon.com/images/I/81FIxSH6RyL.jpg
B0FP59G73S,https://www.amazon.com/KTC-27M1-Speakers-Shielding-Adjustment/dp/B0FP59G73S,https://m.media-amazon.com/images/I/71myNj1LkmL.jpg
B0CKPQFMN6,https://www.amazon.com/Magedok-Touchscreen-Portable-Compatibility-Integrated/dp/B0CKPQFMN6,https://m.media-amazon.com/images/I/61c07TC0HbL.jpg
B0CZWT8CPN,https://www.amazon.com/ASUS-Gaming-1080P-Monitor-VG279Q3R/dp/B0CZWT8CPN,https://m.media-amazon.com/images/I/71aZeNdg5cL.jpg
B0DJ6NZCQZ,https://www.amazon.com/Magedok-inch-Touch-Monitor-Stand/dp/B0DJ6NZCQZ,https://m.media-amazon.com/images/I/611DGVp9E5L.jpg
B0FMF5GX74,https://www.amazon.com/KOORUI-Gaming-Monitor-Display-Support/dp/B0FMF5GX74,https://m.media-amazon.com/images/I/71YMtLWxJ+L.jpg
B0FND63FM1,https://www.amazon.com/Portable-Monitor-Touchscreen-100000-Built/dp/B0FND63FM1,https://m.media-amazon.com/images/I/81vbpYnPcqL.jpg
B0GD4WW8QP,https://www.amazon.com/Virzen-Touchscreen-12-8-inch-Ultra-Slim-Compatible/dp/B0GD4WW8QP,https://m.media-amazon.com/images/I/71QznD1BONL.jpg
B072K25157,https://www.amazon.com/Suptig-Screen-BacPac-Non-Touch-Waterproof/dp/B072K25157,https://m.media-amazon.com/images/I/61qEhmDJGnL.jpg
B0GMGVDHLX,https://www.amazon.com/KEFEYA-Laptop-Screen-Extender-Kickstand/dp/B0GMGVDHLX,https://m.media-amazon.com/images/I/71wm+k7rLoL.jpg
B08WWKJGDV,https://www.amazon.com/Sceptre-DisplayPort-FreeSync-Speakers-E275B-FPT165/dp/B08WWKJGDV,https://m.media-amazon.com/images/I/71Hs3uxczSL.jpg
B0FRML7L74,https://www.amazon.com/Extender-Monitor-Portable-Screens-Compatible/dp/B0FRML7L74,https://m.media-amazon.com/images/I/61XRhXxESJL.jpg
B0C6KSS27R,https://www.amazon.com/STGAubron-Gaming-Bundle-Monitor-Radeon-Keyboard/dp/B0C6KSS27R,https://m.media-amazon.com/images/I/71a4CCByPxL.jpg
B0FS79SWS5,https://www.amazon.com/EONON-10-95-inch-Android-Bluetooth-Screen-SD1X6S/dp/B0FS79SWS5,https://m.media-amazon.com/images/I/61VR+ccLXQL.jpg
B0BRC1CCXP,https://www.amazon.com/Portable-Carrying-Computer-UPERFECT-ViewSonic/dp/B0BRC1CCXP,https://m.media-amazon.com/images/I/71U5MSB1udL.jpg
B0G6DKFCZD,https://www.amazon.com/IoTeikXgo-Display-Rotary-Development-Capacitive/dp/B0G6DKFCZD,https://m.media-amazon.com/images/I/71EfnyOi22L.jpg
B0FJY638N3,https://www.amazon.com/Hosyond-Touchscreen-1024%C3%97600-Capacitive-Raspberry/dp/B0FJY638N3,https://m.media-amazon.com/images/I/61oozg3W3iL.jpg
B0CYHMTN8K,https://www.amazon.com/LG-27SR50F-G-1920x1080-Speakers-Bluetooth/dp/B0CYHMTN8K,https://m.media-amazon.com/images/I/81f8u+PsU6L.jpg
B0CVXMQ4PQ,https://www.amazon.com/ZSCMALLS-Extender-Foldable-Portable-Kickstand/dp/B0CVXMQ4PQ,https://m.media-amazon.com/images/I/71e5p-XyhUL.jpg
B0FCMRDNN8,https://www.amazon.com/Samsung-Supersized-Realistic-Technology-LH98QECEDGCXGO/dp/B0FCMRDNN8,https://m.media-amazon.com/images/I/912qqUQlckL.jpg
B08PJCGQL6,https://www.amazon.com/LG-LG-22SM3GB-SM3G-Digital-22SM3G-B/dp/B08PJCGQL6,https://m.media-amazon.com/images/I/61f3Ebg21wL.jpg
B0DRF9Q566,https://www.amazon.com/OSOYOO-Capacitive-Raspberry-Compatible-Windows/dp/B0DRF9Q566,https://m.media-amazon.com/images/I/71CCR58spfL.jpg
B0BRND5LRL,https://www.amazon.com/MAGICRAVEN-Portable-Monitor-Computer-Speakers/dp/B0BRND5LRL,https://m.media-amazon.com/images/I/71pAWcZe79L.jpg
B0GGSNX1LR,https://www.amazon.com/Catsights-Portable-Touchscreen-Equipped-Multi-Touch/dp/B0GGSNX1LR,https://m.media-amazon.com/images/I/81xzFJE-PLL.jpg
B0GGRBYH5S,https://www.amazon.com/Funhill-Monitor-Extender-Plug-Play-Portable/dp/B0GGRBYH5S,https://m.media-amazon.com/images/I/712F6SNBjlL.jpg
B0DBZ2B74J,https://www.amazon.com/MT-VIKI-Extender-Connection-Compatiable-Rotation/dp/B0DBZ2B74J,https://m.media-amazon.com/images/I/71rwoLEtB4L.jpg
B0F1D5PS5T,https://www.amazon.com/iUoyoMon-Compatible-Raspberry-Capacitive-Driver-Free/dp/B0F1D5PS5T,https://m.media-amazon.com/images/I/71tjoxXXJsL.jpg
B0BJ9MQVBG,https://www.amazon.com/WOWNOVA-Computer-Supported-Temperature-Secondary/dp/B0BJ9MQVBG,https://m.media-amazon.com/images/I/61MvBOgDEFL.jpg
B0GCK2Z494,https://www.amazon.com/Lenovo-ThinkVision-P24QD-40-Class-Monitor/dp/B0GCK2Z494,https://m.media-amazon.com/images/I/71B1SKmb+OL.jpg
B0FCY3YH6W,https://www.amazon.com/Samsung-Lightweight-Compatibility-Embedded-LH32EMDIBGBXZA/dp/B0FCY3YH6W,https://m.media-amazon.com/images/I/61RBA+Qj4YL.jpg
B0CZ8NYSP1,https://www.amazon.com/CUQI-Touchscreen-Raspberry-Monitor-Stylus/dp/B0CZ8NYSP1,https://m.media-amazon.com/images/I/618vFW-OTqL.jpg
B0CBSWL8MT,https://www.amazon.com/Acer-Vero-V227Q-21-5-Monitor/dp/B0CBSWL8MT,https://m.media-amazon.com/images/I/51dXpe+LF8L.jpg
B07JGL19WK,https://www.amazon.com/LG-24MK600M-B-Monitor-Radeon-FreeSync/dp/B07JGL19WK,https://m.media-amazon.com/images/I/61+6QcWk4ZL.jpg
B0DPMXKHLD,https://www.amazon.com/sibolan-Portable-Extender-Extended-Computer/dp/B0DPMXKHLD,https://m.media-amazon.com/images/I/71uv87oqH2L.jpg
B0CW38QBGR,https://www.amazon.com/GAMEPOWER-V80-Response-Backlight-Displayport/dp/B0CW38QBGR,https://m.media-amazon.com/images/I/71iV3vd0+SL.jpg
B0GBWWRN9T,https://www.amazon.com/WinTang-Portable-Tablet-Screen-Monitor/dp/B0GBWWRN9T,https://m.media-amazon.com/images/I/51kQ3VcOPAL.jpg
B0F8N5B3N2,https://www.amazon.com/Extender-Portable-Landscape-Portrait-Compatible/dp/B0F8N5B3N2,https://m.media-amazon.com/images/I/71pwuYjhfpL.jpg
B0G3W15WRJ,https://www.amazon.com/DJ080PA-01A-Screen-Replacement-MyLink-IntelliLink/dp/B0G3W15WRJ,https://m.media-amazon.com/images/I/71+8klgFGIL.jpg
B0FRVV548G,https://www.amazon.com/Thermaltake-1480x720p-TTRGBPlus-Standalone-AC-079-OO1NAN-A1/dp/B0FRVV548G,https://m.media-amazon.com/images/I/61OXc7c4ITL.jpg
B0CMD7Y55M,https://www.amazon.com/Hosyond-320x480-Capacitive-ST7796U-Mega2560/dp/B0CMD7Y55M,https://m.media-amazon.com/images/I/61BAXMByYkL.jpg
B0FR5B5M28,https://www.amazon.com/iUoyoMon-Raspberry-Capacitive-Compatible-Non-Touch/dp/B0FR5B5M28,https://m.media-amazon.com/images/I/715nygnFbqL.jpg
B0CK9FZRLT,https://www.amazon.com/AOPEN-3840x2160-ZeroFrame-Technology-Ultra-Thin/dp/B0CK9FZRLT,https://m.media-amazon.com/images/I/81EJNuee35L.jpg
B0CLB9RSCZ,https://www.amazon.com/CORSAIR-iCUE-Link-Screen-Module/dp/B0CLB9RSCZ,https://m.media-amazon.com/images/I/812Kh-mln1L.jpg
B0CR92CWYY,https://www.amazon.com/VIEWMEI-Resolution-Portable-Compatible-Raspberry/dp/B0CR92CWYY,https://m.media-amazon.com/images/I/71XWOeDExRL.jpg
B08D3Y5PFZ,https://www.amazon.com/AOC-C24G1A-Frameless-1920x1080-adjustable/dp/B08D3Y5PFZ,https://m.media-amazon.com/images/I/71aXlu6n1qL.jpg
B0FQVJ64PR,https://www.amazon.com/Extender-Portable-Detachable-Frameless-Rotatable/dp/B0FQVJ64PR,https://m.media-amazon.com/images/I/71fq6vSYSxL.jpg
B0BG8SV1M7,https://www.amazon.com/Lenovo-TopSeller-THINKVISION-T24M-20-23-8IN/dp/B0BG8SV1M7,https://m.media-amazon.com/images/I/711yW0U13OL.jpg
B0DS6JLPZW,https://www.amazon.com/Samsung-S30GD-100Hz-Monitor-D-sub/dp/B0DS6JLPZW,https://m.media-amazon.com/images/I/61qAdgt+SBL.jpg
B0DSHQPKG4,https://www.amazon.com/MacBook-A3113-13-6inch-2560x1664-Assembly/dp/B0DSHQPKG4,https://m.media-amazon.com/images/I/51rRCkot-8L.jpg
B084BV1WZW,https://www.amazon.com/E2020H-19-5-inch-Computer-Displayport-Connectivity/dp/B084BV1WZW,https://m.media-amazon.com/images/I/91g0e9TXiWL.jpg
B0D5WKHMWC,https://www.amazon.com/Canlarriz-Restaurants-Advertising-Ultra-High-Brightness/dp/B0D5WKHMWC,https://m.media-amazon.com/images/I/71oLAzqEnUL.jpg
B0FGYDMMMN,https://www.amazon.com/KS-Doublesight-Displays-Monitors-Monitor/dp/B0FGYDMMMN,https://m.media-amazon.com/images/I/41IYTj4uVQL.jpg
B0CXB1JSQN,https://www.amazon.com/ViewSonic-VG2457V-Conference-Compatible-Ergonomics/dp/B0CXB1JSQN,https://m.media-amazon.com/images/I/61JUhpqzE4L.jpg
B0F6LZMP48,https://www.amazon.com/Gawfolk-Computer-Monitors-DisplayPort-Compatible/dp/B0F6LZMP48,https://m.media-amazon.com/images/I/71aAxLcLqrL.jpg
B0F2GZK6KT,https://www.amazon.com/ADREAMER-Monitor-Extender-Detachable-1920x1200/dp/B0F2GZK6KT,https://m.media-amazon.com/images/I/71wBWDLhIRL.jpg
B0FYKYV1WJ,https://www.amazon.com/Kado-Portable-Aluminum-1920x1080-Kickstand/dp/B0FYKYV1WJ,https://m.media-amazon.com/images/I/71582anzyhL.jpg
B0G1BRCS7X,https://www.amazon.com/Thermalright-9-16-Real-Time-Monitoring-TrofeoVision/dp/B0G1BRCS7X,https://m.media-amazon.com/images/I/6146P+9KmCL.jpg
B09YN1WSKG,https://www.amazon.com/Samsung-LS32B300NWNXGO-Class-FreeSync-Monitor/dp/B09YN1WSKG,https://m.media-amazon.com/images/I/61SOdB7s9cL.jpg
B0FGQ2YL4J,https://www.amazon.com/Newsoul-Portable-AdobeRGB-3840x2400-FreeSync/dp/B0FGQ2YL4J,https://m.media-amazon.com/images/I/81Li2IGIS2L.jpg
B0G43Z35BV,https://www.amazon.com/IBW-Portable-Touchscreen-Monitor-External/dp/B0G43Z35BV,https://m.media-amazon.com/images/I/61aznwSjATL.jpg
B08M3LP6TL,https://www.amazon.com/PONKLOIE-Portable-Computer-Waterproof-Protector/dp/B08M3LP6TL,https://m.media-amazon.com/images/I/6194k6YaDKL.jpg
B0DP1Z5MJ7,https://www.amazon.com/Yinker-Extender-Portable-Connection-Compatible/dp/B0DP1Z5MJ7,https://m.media-amazon.com/images/I/71fGWekMjZL.jpg
B0C8JG47BL,https://www.amazon.com/ALOGIC-Clarity-Touchscreen-Retractable-Adjustable/dp/B0C8JG47BL,https://m.media-amazon.com/images/I/71TwMhY2GDL.jpg
